map.area,nights,destination
12,8,on_island
13,14,on_island
13,1,on_island
13,3,on_island
14,45,on_island
18,21,off_island
18,,off_island
18,30,off_island
18,30,off_island
18,,off_island
18,60,off_island
18,8,on_island
18,3,on_island
18,1,on_island
18,30,on_island
18,2,on_island
18,2,on_island
24,14,off_island
24,14,off_island
24,30,off_island
24,30,off_island
24,30,off_island
24,22,off_island
24,5,off_island
24,21,off_island
24,60,off_island
24,1,off_island
24,1,off_island
24,6,off_island
24,1,off_island
24,6,off_island
24,1,on_island
25,7,off_island
25,2,off_island
25,14,off_island
25,9,off_island
25,3,off_island
25,4,off_island
25,4,off_island
25,2,off_island
25,60,on_island
25,60,on_island
25,60,on_island
25,3,on_island
25,4,on_island
25,4,on_island
25,3,on_island
25,4,on_island
25,2,on_island
25,4,on_island
25,7,on_island
25,3,on_island
25,2,on_island
25,2,on_island
25,2,on_island
25,63,on_island
25,1,on_island
25,1,on_island
25,1,on_island
25,1,on_island
25,1,on_island
25,1,on_island
25,1,on_island
25,7,on_island
25,1,on_island
25,14,on_island
25,1,on_island
25,2,on_island
25,3,on_island
26,30,off_island
26,30,off_island
26,14,off_island
26,1,off_island
26,4,off_island
26,7,off_island
26,1,off_island
26,30,on_island
26,1,on_island
26,2,on_island
26,2,on_island
26,2,on_island
26,30,on_island
26,30,on_island
26,1,on_island
26,30,on_island
26,2,on_island
26,2,on_island
26,1,on_island
26,1,on_island
26,2,on_island
26,1,on_island
26,2,on_island
26,1,on_island
26,2,on_island
26,7,on_island
26,1,on_island
26,7,on_island
26,7,on_island
26,2,on_island
26,7,on_island
26,7,on_island
26,1,on_island
26,1,on_island
26,63,on_island
26,63,on_island
26,1,on_island
26,1,on_island
26,60,on_island
40,30,off_island
42,7,on_island
42,7,on_island
43,45,on_island
45,5,off_island
45,3,on_island
45,1,on_island
45,3,on_island
45,2,on_island
46,8,off_island
46,2,off_island
46,30,off_island
46,21,off_island
46,30,off_island
46,30,off_island
46,1,off_island
46,1,off_island
46,30,off_island
46,4,off_island
46,6,off_island
46,5,off_island
46,7,off_island
46,30,off_island
46,7,off_island
46,7,off_island
46,21,off_island
46,1,off_island
46,2,off_island
46,14,on_island
46,13,on_island
46,9,on_island
46,4,on_island
46,7,on_island
46,16,on_island
46,16,on_island
46,16,on_island
46,1,on_island
46,7,on_island
46,5,on_island
46,7,on_island
46,7,on_island
46,1,on_island
46,1,on_island
46,2,on_island
46,1,on_island
46,3,on_island
46,1,on_island
47,8,off_island
47,150,off_island
47,150,off_island
47,150,off_island
47,150,off_island
47,5,off_island
47,99,off_island
47,37,off_island
47,14,off_island
47,30,off_island
47,3,off_island
47,1,off_island
47,2,off_island
47,14,off_island
47,30,off_island
47,30,off_island
47,1,off_island
47,21,off_island
47,14,off_island
47,365,off_island
47,30,off_island
47,3,off_island
47,30,off_island
47,4,off_island
47,1,off_island
47,7,off_island
47,3,off_island
47,14,off_island
47,1,off_island
47,60,off_island
47,30,off_island
47,60,off_island
47,21,off_island
47,37,off_island
47,30,off_island
47,7,off_island
47,30,off_island
47,5,off_island
47,21,off_island
47,14,off_island
47,58,off_island
47,4,off_island
47,14,off_island
47,42,off_island
47,14,off_island
47,30,off_island
47,2,off_island
47,60,off_island
47,44,off_island
47,99,off_island
47,1,off_island
47,30,off_island
47,60,off_island
47,4,off_island
47,14,off_island
47,14,off_island
47,3,off_island
47,10,off_island
47,5,off_island
47,1,off_island
47,3,off_island
47,3,off_island
47,14,off_island
47,14,off_island
47,21,off_island
47,4,off_island
47,2,off_island
47,2,off_island
47,2,off_island
47,7,off_island
47,14,off_island
47,7,off_island
47,3,off_island
47,14,off_island
47,30,off_island
47,6,off_island
47,14,off_island
47,21,off_island
47,2,off_island
47,4,off_island
47,1,on_island
47,2,on_island
47,12,on_island
47,4,on_island
47,1,on_island
47,2,on_island
47,2,on_island
47,1,on_island
47,120,on_island
47,2,on_island
47,2,on_island
47,30,on_island
47,30,on_island
47,31,on_island
47,1,on_island
47,1,on_island
47,2,on_island
47,1,on_island
47,1,on_island
47,9,on_island
47,7,on_island
47,9,on_island
47,3,on_island
47,9,on_island
47,1,on_island
47,8,on_island
47,3,on_island
47,1,on_island
47,2,on_island
47,60,on_island
47,1,on_island
47,2,on_island
47,7,on_island
47,2,on_island
47,30,on_island
47,3,on_island
47,59,on_island
47,2,on_island
47,1,on_island
47,1,on_island
47,1,on_island
47,14,on_island
47,3,on_island
47,28,on_island
47,1,on_island
47,1,on_island
47,1,on_island
47,75,on_island
47,6,on_island
47,1,on_island
47,7,on_island
47,60,on_island
47,60,on_island
47,60,on_island
47,2,on_island
47,1,on_island
47,2,on_island
47,2,on_island
47,2,on_island
47,60,on_island
47,1,on_island
47,5,on_island
47,2,on_island
47,1,on_island
47,5,on_island
47,5,on_island
47,2,on_island
47,7,on_island
47,1,on_island
47,1,on_island
47,1,on_island
48,45,off_island
48,45,off_island
48,45,off_island
48,45,off_island
48,21,off_island
48,21,off_island
48,21,off_island
48,21,off_island
48,21,off_island
48,21,off_island
48,4,off_island
48,60,off_island
48,1,off_island
48,1,off_island
48,1,off_island
48,2,off_island
48,21,off_island
48,21,off_island
48,3,off_island
48,5,off_island
48,60,off_island
48,30,off_island
48,30,off_island
48,30,off_island
48,30,off_island
48,30,off_island
48,1,off_island
48,35,off_island
48,5,off_island
48,7,off_island
48,60,off_island
48,21,off_island
48,7,off_island
48,1,off_island
48,1,off_island
48,21,off_island
48,14,off_island
48,21,off_island
48,4,off_island
48,60,off_island
48,60,off_island
48,2,off_island
48,30,off_island
48,7,off_island
48,99,off_island
48,21,off_island
48,1,off_island
48,7,off_island
48,21,off_island
48,7,off_island
48,2,off_island
48,7,off_island
48,30,off_island
48,30,off_island
48,30,off_island
48,30,off_island
48,30,off_island
48,60,off_island
48,60,off_island
48,3,off_island
48,14,off_island
48,10,off_island
48,21,off_island
48,14,off_island
48,14,off_island
48,7,off_island
48,14,off_island
48,3,off_island
48,21,off_island
48,2,off_island
48,30,off_island
48,50,off_island
48,56,off_island
48,56,off_island
48,50,off_island
48,56,off_island
48,4,off_island
48,56,off_island
48,56,off_island
48,56,off_island
48,30,off_island
48,30,off_island
48,20,off_island
48,7,off_island
48,60,off_island
48,14,off_island
48,60,off_island
48,30,off_island
48,4,off_island
48,60,off_island
48,60,off_island
48,60,off_island
48,30,off_island
48,30,off_island
48,30,off_island
48,4,off_island
48,3,off_island
48,28,off_island
48,21,off_island
48,1,off_island
48,2,off_island
48,1,off_island
48,21,off_island
48,21,off_island
48,7,off_island
48,7,off_island
48,14,off_island
48,1,off_island
48,1,off_island
48,21,off_island
48,1,off_island
48,7,off_island
48,2,off_island
48,3,off_island
48,7,off_island
48,7,off_island
48,14,off_island
48,7,off_island
48,4,off_island
48,14,off_island
48,30,off_island
48,7,off_island
48,3,off_island
48,2,off_island
48,7,off_island
48,7,off_island
48,7,off_island
48,1,off_island
48,7,off_island
48,21,off_island
48,1,off_island
48,2,off_island
48,2,off_island
48,14,off_island
48,1,on_island
48,1,on_island
48,1,on_island
48,1,on_island
48,6,on_island
48,3,on_island
48,30,on_island
48,1,on_island
48,1,on_island
48,1,on_island
48,1,on_island
48,14,on_island
48,2,on_island
48,3,on_island
48,3,on_island
48,3,on_island
48,3,on_island
48,3,on_island
48,3,on_island
48,14,on_island
48,7,on_island
48,4,on_island
48,4,on_island
48,2,on_island
48,7,on_island
48,2,on_island
48,1,on_island
48,2,on_island
48,7,on_island
48,7,on_island
48,7,on_island
48,2,on_island
48,10,on_island
48,8,on_island
48,14,on_island
48,30,on_island
48,1,on_island
48,1,on_island
48,45,on_island
48,1,on_island
48,1,on_island
48,1,on_island
48,1,on_island
48,1,on_island
48,30,on_island
48,1,on_island
48,7,on_island
48,14,on_island
48,1,on_island
48,1,on_island
48,32,on_island
48,32,on_island
48,32,on_island
48,32,on_island
48,32,on_island
48,32,on_island
48,32,on_island
48,32,on_island
48,24,on_island
48,32,on_island
48,1,on_island
48,3,on_island
48,1,on_island
48,1,on_island
48,2,on_island
48,1,on_island
48,3,on_island
48,1,on_island
48,14,on_island
48,1,on_island
48,4,on_island
48,30,on_island
48,30,on_island
48,30,on_island
48,1,on_island
48,7,on_island
48,4,on_island
48,4,on_island
48,1,on_island
48,1,on_island
48,2,on_island
48,30,on_island
48,1,on_island
48,3,on_island
48,1,on_island
48,1,on_island
48,1,on_island
48,1,on_island
48,1,on_island
48,60,on_island
48,70,on_island
48,1,on_island
48,1,on_island
49,14,off_island
49,21,off_island
49,21,off_island
49,21,off_island
49,21,off_island
49,5,off_island
49,37,off_island
49,30,off_island
49,30,off_island
49,60,off_island
49,30,off_island
49,14,off_island
49,17,off_island
49,13,off_island
49,1,off_island
49,7,off_island
49,3,off_island
49,3,off_island
49,5,off_island
49,7,off_island
49,60,off_island
49,13,off_island
49,2,off_island
49,30,off_island
49,1,off_island
49,3,off_island
49,4,off_island
49,1,off_island
49,5,off_island
49,60,off_island
49,60,off_island
49,60,off_island
49,60,off_island
49,21,off_island
49,21,off_island
49,21,off_island
49,45,off_island
49,3,off_island
49,1,off_island
49,2,off_island
49,30,off_island
49,21,off_island
49,21,off_island
49,360,off_island
49,6,off_island
49,99,off_island
49,99,off_island
49,30,off_island
49,99,off_island
49,7,off_island
49,44,off_island
49,14,off_island
49,12,off_island
49,2,off_island
49,2,off_island
49,14,off_island
49,5,off_island
49,5,off_island
49,5,off_island
49,1,off_island
49,3,off_island
49,3,off_island
49,12,off_island
49,14,off_island
49,7,off_island
49,6,on_island
49,5,on_island
49,5,on_island
49,2,on_island
49,5,on_island
49,5,on_island
49,5,on_island
49,2,on_island
49,23,on_island
49,14,on_island
49,1,on_island
49,34,on_island
49,1,on_island
49,13,on_island
49,13,on_island
49,2,on_island
49,13,on_island
49,13,on_island
49,13,on_island
49,13,on_island
49,30,on_island
49,7,on_island
49,1,on_island
49,7,on_island
49,4,on_island
49,5,on_island
49,7,on_island
49,30,on_island
49,1,on_island
49,1,on_island
49,20,on_island
49,2,on_island
49,30,on_island
49,30,on_island
49,30,on_island
49,4,on_island
49,14,on_island
49,3,on_island
49,14,on_island
49,14,on_island
49,14,on_island
49,14,on_island
49,1,on_island
49,14,on_island
49,2,on_island
49,30,on_island
49,30,on_island
49,30,on_island
49,7,on_island
49,30,on_island
49,7,on_island
49,30,on_island
49,20,on_island
49,1,on_island
49,2,on_island
49,1,on_island
49,1,on_island
49,21,on_island
49,30,on_island
49,1,on_island
49,30,on_island
49,1,on_island
49,2,on_island
49,2,on_island
49,30,on_island
49,30,on_island
49,30,on_island
49,1,on_island
49,40,on_island
49,11,on_island
49,3,on_island
49,6,on_island
49,1,on_island
49,6,on_island
49,40,on_island
49,40,on_island
49,40,on_island
49,40,on_island
49,5,on_island
49,5,on_island
49,40,on_island
49,40,on_island
49,11,on_island
49,1,on_island
49,50,on_island
49,50,on_island
49,11,on_island
49,30,on_island
49,3,on_island
49,1,on_island
49,50,on_island
49,11,on_island
49,1,on_island
49,2,on_island
50,4,on_island
50,10,on_island
50,10,on_island
50,10,on_island
50,10,on_island
50,10,on_island
50,10,on_island
51,16,off_island
51,37,off_island
51,2,off_island
51,7,off_island
51,0,off_island
51,7,off_island
51,60,off_island
51,1,on_island
51,1,on_island
51,1,on_island
51,1,on_island
51,1,on_island
51,1,on_island
51,1,on_island
51,3,on_island
52,7,off_island
52,21,off_island
52,21,off_island
52,23,on_island
52,12,on_island
52,1,on_island
52,12,on_island
53,1,on_island
53,7,on_island
67,90,off_island
67,90,off_island
67,7,off_island
67,21,off_island
67,21,off_island
67,7,off_island
67,1,on_island
67,21,on_island
67,21,on_island
69,14,off_island
69,5,off_island
69,1,on_island
71,30,off_island
71,30,off_island
71,7,off_island
71,7,off_island
71,7,off_island
71,7,off_island
71,31,off_island
71,30,off_island
71,3,off_island
71,7,off_island
71,14,off_island
71,7,off_island
71,21,off_island
71,7,off_island
71,7,off_island
71,18,off_island
71,7,off_island
71,1,on_island
71,2,on_island
71,2,on_island
71,2,on_island
71,14,on_island
71,1,on_island
71,2,on_island
71,30,on_island
71,1,on_island
71,30,on_island
71,30,on_island
71,30,on_island
71,1,on_island
71,1,on_island
72,7,off_island
72,45,off_island
72,45,off_island
72,4,off_island
72,45,off_island
72,4,off_island
72,45,off_island
72,44,off_island
72,44,off_island
72,44,off_island
72,44,off_island
72,8,off_island
72,30,off_island
72,1,off_island
72,1,off_island
72,1,off_island
72,1,off_island
72,1,off_island
72,1,off_island
72,1,off_island
72,1,off_island
72,30,off_island
72,30,off_island
72,30,off_island
72,20,off_island
72,14,off_island
72,1,off_island
72,1,off_island
72,1,off_island
72,12,off_island
72,20,off_island
72,3,off_island
72,60,off_island
72,21,off_island
72,35,off_island
72,35,off_island
72,35,off_island
72,21,off_island
72,35,off_island
72,14,off_island
72,14,off_island
72,10,off_island
72,30,off_island
72,7,off_island
72,31,off_island
72,14,off_island
72,14,off_island
72,30,off_island
72,55,off_island
72,30,off_island
72,55,off_island
72,55,off_island
72,21,off_island
72,14,off_island
72,30,off_island
72,30,off_island
72,30,off_island
72,30,off_island
72,30,off_island
72,30,off_island
72,30,off_island
72,30,off_island
72,21,off_island
72,30,off_island
72,30,off_island
72,14,off_island
72,48,off_island
72,48,off_island
72,45,off_island
72,48,off_island
72,48,off_island
72,31,off_island
72,3,off_island
72,3,off_island
72,12,off_island
72,12,off_island
72,12,off_island
72,1,off_island
72,2,off_island
72,7,off_island
72,48,off_island
72,1,off_island
72,3,off_island
72,48,off_island
72,4,off_island
72,1,on_island
72,1,on_island
72,1,on_island
72,5,on_island
72,45,on_island
72,45,on_island
72,1,on_island
72,2,on_island
72,1,on_island
72,3,on_island
72,1,on_island
72,1,on_island
72,30,on_island
72,1,on_island
72,3,on_island
72,40,on_island
72,30,on_island
72,45,on_island
72,1,on_island
72,7,on_island
72,60,on_island
72,2,on_island
72,2,on_island
72,2,on_island
72,1,on_island
72,30,on_island
72,30,on_island
72,1,on_island
72,4,on_island
72,4,on_island
72,8,on_island
72,7,on_island
72,2,on_island
72,1,on_island
72,31,on_island
72,2,on_island
72,2,on_island
72,3,on_island
72,14,on_island
72,30,on_island
72,30,on_island
72,30,on_island
72,21,on_island
72,14,on_island
72,14,on_island
72,14,on_island
72,14,on_island
72,7,on_island
72,2,on_island
72,2,on_island
72,7,on_island
72,7,on_island
72,2,on_island
72,1,on_island
72,1,on_island
72,14,on_island
73,14,off_island
73,44,off_island
73,7,off_island
73,30,off_island
73,30,off_island
73,30,off_island
73,7,off_island
73,25,off_island
73,8,off_island
73,8,off_island
73,14,off_island
73,14,off_island
73,15,off_island
73,2,off_island
73,30,off_island
73,1,off_island
73,35,off_island
73,35,off_island
73,60,off_island
73,5,off_island
73,1,off_island
73,60,off_island
73,7,off_island
73,7,off_island
73,30,off_island
73,30,off_island
73,30,off_island
73,30,off_island
73,30,off_island
73,6,off_island
73,14,off_island
73,30,off_island
73,30,off_island
73,30,off_island
73,30,off_island
73,30,off_island
73,30,off_island
73,3,off_island
73,14,off_island
73,7,off_island
73,28,off_island
73,60,off_island
73,30,off_island
73,30,off_island
73,30,off_island
73,7,off_island
73,7,off_island
73,15,off_island
73,30,off_island
73,7,off_island
73,30,off_island
73,5,off_island
73,5,off_island
73,1,off_island
73,15,off_island
73,30,off_island
73,60,off_island
73,4,off_island
73,3,off_island
73,30,off_island
73,30,off_island
73,14,off_island
73,14,off_island
73,14,off_island
73,14,off_island
73,7,off_island
73,7,off_island
73,14,off_island
73,15,off_island
73,26,off_island
73,1,off_island
73,2,off_island
73,12,off_island
73,30,off_island
73,30,off_island
73,7,off_island
73,7,off_island
73,14,off_island
73,30,off_island
73,2,off_island
73,2,off_island
73,30,off_island
73,30,off_island
73,30,off_island
73,2,off_island
73,15,on_island
73,1,on_island
73,1,on_island
73,1,on_island
73,1,on_island
73,1,on_island
73,1,on_island
73,1,on_island
73,8,on_island
73,60,on_island
73,1,on_island
73,30,on_island
73,60,on_island
73,7,on_island
73,1,on_island
73,3,on_island
73,7,on_island
73,1,on_island
73,2,on_island
73,2,on_island
73,2,on_island
73,3,on_island
73,60,on_island
73,1,on_island
73,7,on_island
73,1,on_island
73,5,on_island
73,2,on_island
73,2,on_island
73,1,on_island
73,14,on_island
73,2,on_island
73,14,on_island
73,5,on_island
73,7,on_island
73,7,on_island
73,3,on_island
73,2,on_island
73,2,on_island
73,36,on_island
73,30,on_island
73,7,on_island
73,7,on_island
73,7,on_island
73,2,on_island
73,7,on_island
73,7,on_island
73,1,on_island
73,30,on_island
73,30,on_island
73,30,on_island
73,30,on_island
73,30,on_island
73,30,on_island
73,2,on_island
73,4,on_island
73,4,on_island
73,2,on_island
73,2,on_island
73,2,on_island
73,25,on_island
73,30,on_island
73,1,on_island
73,30,on_island
73,1,on_island
73,3,on_island
73,2,on_island
73,14,on_island
73,2,on_island
73,3,on_island
73,7,on_island
73,3,on_island
73,2,on_island
73,3,on_island
73,7,on_island
73,7,on_island
73,14,on_island
73,5,on_island
73,50,on_island
73,50,on_island
73,40,on_island
73,60,on_island
73,60,on_island
73,60,on_island
73,7,on_island
73,57,on_island
73,57,on_island
73,57,on_island
73,2,on_island
73,7,on_island
73,7,on_island
73,7,on_island
73,2,on_island
73,1,on_island
73,1,on_island
73,30,on_island
73,5,on_island
73,5,on_island
73,5,on_island
73,5,on_island
73,3,on_island
73,1,on_island
73,1,on_island
73,1,on_island
73,7,on_island
73,3,on_island
73,3,on_island
73,3,on_island
73,2,on_island
73,3,on_island
73,2,on_island
73,3,on_island
73,30,on_island
73,1,on_island
73,60,on_island
73,1,on_island
73,1,on_island
73,4,on_island
73,4,on_island
73,4,on_island
73,4,on_island
73,4,on_island
73,4,on_island
73,1,on_island
73,2,on_island
73,1,on_island
73,7,on_island
73,2,on_island
73,1,on_island
73,4,on_island
73,1,on_island
73,2,on_island
73,7,on_island
73,7,on_island
73,1,on_island
73,2,on_island
73,2,on_island
73,2,on_island
73,2,on_island
73,2,on_island
73,1,on_island
73,3,on_island
73,1,on_island
73,15,on_island
73,2,on_island
73,1,on_island
73,2,on_island
73,2,on_island
73,2,on_island
73,3,on_island
73,5,on_island
73,14,on_island
73,14,on_island
73,14,on_island
73,7,on_island
73,2,on_island
73,2,on_island
73,30,on_island
73,7,on_island
73,2,on_island
73,1,on_island
73,30,on_island
73,7,on_island
73,30,on_island
73,30,on_island
73,15,on_island
73,15,on_island
73,15,on_island
73,15,on_island
73,30,on_island
73,10,on_island
73,1,on_island
73,1,on_island
73,1,on_island
73,7,on_island
73,7,on_island
73,1,on_island
73,1,on_island
73,10,on_island
73,30,on_island
73,1,on_island
73,2,on_island
73,1,on_island
73,1,on_island
74,4,off_island
74,30,off_island
74,45,off_island
74,45,off_island
74,21,off_island
74,13,off_island
74,8,off_island
74,7,off_island
74,3,off_island
74,60,off_island
74,60,off_island
74,30,off_island
74,60,off_island
74,3,off_island
74,30,off_island
74,7,off_island
74,7,off_island
74,3,off_island
74,2,off_island
74,30,off_island
74,14,off_island
74,17,off_island
74,4,off_island
74,1,off_island
74,5,off_island
74,9,off_island
74,7,off_island
74,7,off_island
74,7,off_island
74,21,off_island
74,2,off_island
74,45,off_island
74,30,off_island
74,42,off_island
74,7,off_island
74,14,off_island
74,30,off_island
74,17,off_island
74,14,off_island
74,25,off_island
74,6,off_island
74,30,off_island
74,7,off_island
74,4,off_island
74,1,off_island
74,30,off_island
74,7,off_island
74,50,off_island
74,56,off_island
74,56,off_island
74,37,off_island
74,30,off_island
74,30,off_island
74,60,off_island
74,7,off_island
74,30,off_island
74,1,off_island
74,11,off_island
74,11,off_island
74,11,off_island
74,10,off_island
74,1,off_island
74,30,off_island
74,30,off_island
74,40,off_island
74,30,off_island
74,40,off_island
74,40,off_island
74,30,off_island
74,30,off_island
74,30,off_island
74,14,off_island
74,2,off_island
74,1,off_island
74,14,off_island
74,3,off_island
74,2,off_island
74,2,off_island
74,4,off_island
74,2,off_island
74,1,off_island
74,20,off_island
74,4,off_island
74,30,off_island
74,24,off_island
74,11,off_island
74,11,off_island
74,12,off_island
74,30,off_island
74,9,off_island
74,11,off_island
74,11,off_island
74,3,on_island
74,1,on_island
74,1,on_island
74,30,on_island
74,1,on_island
74,1,on_island
74,15,on_island
74,2,on_island
74,3,on_island
74,21,on_island
74,1,on_island
74,2,on_island
74,2,on_island
74,1,on_island
74,7,on_island
74,30,on_island
74,30,on_island
74,30,on_island
74,3,on_island
74,30,on_island
74,7,on_island
74,2,on_island
74,1,on_island
74,90,on_island
74,1,on_island
74,30,on_island
74,60,on_island
74,60,on_island
74,40,on_island
74,5,on_island
74,3,on_island
74,14,on_island
74,14,on_island
74,1,on_island
74,14,on_island
74,1,on_island
74,1,on_island
74,1,on_island
74,8,on_island
74,1,on_island
74,5,on_island
74,2,on_island
74,1,on_island
74,1,on_island
74,1,on_island
74,30,on_island
74,1,on_island
74,2,on_island
74,1,on_island
74,2,on_island
74,1,on_island
74,59,on_island
74,7,on_island
74,7,on_island
74,3,on_island
74,1,on_island
74,60,on_island
74,60,on_island
74,1,on_island
74,14,on_island
74,15,on_island
74,3,on_island
74,2,on_island
74,1,on_island
74,60,on_island
74,14,on_island
74,14,on_island
74,14,on_island
74,60,on_island
74,60,on_island
74,60,on_island
74,7,on_island
74,14,on_island
74,60,on_island
74,2,on_island
74,2,on_island
74,2,on_island
74,2,on_island
74,2,on_island
74,2,on_island
74,2,on_island
74,2,on_island
74,20,on_island
74,1,on_island
74,1,on_island
74,3,on_island
74,3,on_island
74,2,on_island
74,1,on_island
74,1,on_island
74,1,on_island
74,1,on_island
74,30,on_island
74,2,on_island
74,12,on_island
74,12,on_island
74,1,on_island
74,2,on_island
74,20,on_island
74,30,on_island
74,3,on_island
74,3,on_island
74,30,on_island
74,1,on_island
74,59,on_island
74,2,on_island
74,1,on_island
75,20,off_island
75,30,off_island
75,21,off_island
75,21,off_island
75,30,off_island
75,60,off_island
75,60,off_island
75,30,off_island
75,30,off_island
75,30,off_island
75,21,off_island
75,5,off_island
75,5,off_island
75,30,off_island
75,14,off_island
75,30,off_island
75,14,off_island
75,14,off_island
75,14,off_island
75,14,off_island
75,21,off_island
75,3,off_island
75,1,off_island
75,14,off_island
75,21,off_island
75,7,off_island
75,21,off_island
75,,off_island
75,21,off_island
75,21,off_island
75,1,off_island
75,1,off_island
75,45,off_island
75,1,off_island
75,30,off_island
75,7,off_island
75,7,off_island
75,31,off_island
75,31,off_island
75,21,off_island
75,14,off_island
75,60,off_island
75,60,off_island
75,60,off_island
75,14,off_island
75,23,off_island
75,7,off_island
75,21,off_island
75,21,off_island
75,14,off_island
75,30,off_island
75,7,off_island
75,21,off_island
75,3,off_island
75,,off_island
75,45,off_island
75,45,off_island
75,1,off_island
75,14,off_island
75,12,off_island
75,12,off_island
75,3,off_island
75,1,off_island
75,1,off_island
75,3,off_island
75,3,on_island
75,14,on_island
75,14,on_island
75,7,on_island
75,7,on_island
75,30,on_island
75,30,on_island
75,1,on_island
75,5,on_island
75,2,on_island
75,30,on_island
75,30,on_island
75,30,on_island
75,30,on_island
75,30,on_island
75,30,on_island
75,8,on_island
75,30,on_island
75,8,on_island
75,1,on_island
75,1,on_island
75,1,on_island
75,2,on_island
75,7,on_island
75,1,on_island
75,2,on_island
75,1,on_island
75,3,on_island
75,2,on_island
75,1,on_island
75,1,on_island
75,42,on_island
75,2,on_island
75,2,on_island
75,7,on_island
75,2,on_island
75,10,on_island
75,30,on_island
75,30,on_island
75,2,on_island
75,1,on_island
75,5,on_island
75,2,on_island
75,1,on_island
76,1,off_island
76,30,off_island
76,30,off_island
76,30,off_island
76,30,off_island
76,30,off_island
76,30,off_island
76,21,off_island
76,21,off_island
76,21,off_island
76,30,off_island
76,29,off_island
76,29,off_island
76,28,off_island
76,30,off_island
76,29,off_island
76,30,off_island
76,29,off_island
76,7,off_island
76,14,off_island
76,14,off_island
76,14,off_island
76,12,off_island
76,3,on_island
76,14,on_island
76,2,on_island
76,4,on_island
76,1,on_island
76,4,on_island
76,1,on_island
76,4,on_island
76,1,on_island
76,1,on_island
76,1,on_island
76,1,on_island
76,1,on_island
76,1,on_island
76,1,on_island
76,1,on_island
76,7,on_island
76,0,on_island
76,1,on_island
76,1,on_island
76,2,on_island
76,2,on_island
76,14,on_island
76,1,on_island
76,30,on_island
76,1,on_island
76,8,on_island
76,7,on_island
76,45,on_island
76,2,on_island
76,40,on_island
76,2,on_island
76,2,on_island
76,2,on_island
76,12,on_island
76,2,on_island
76,45,on_island
76,45,on_island
76,20,on_island
76,14,on_island
76,14,on_island
76,1,on_island
76,6,on_island
76,2,on_island
76,7,on_island
76,7,on_island
76,2,on_island
76,3,on_island
76,2,on_island
76,2,on_island
76,30,on_island
76,3,on_island
76,1,on_island
76,1,on_island
76,20,on_island
76,30,on_island
77,10,off_island
77,4,off_island
77,60,off_island
77,2,off_island
77,8,off_island
77,4,off_island
77,60,off_island
77,20,off_island
77,60,off_island
77,365,off_island
77,2,off_island
77,7,off_island
77,40,off_island
77,5,off_island
77,1,on_island
77,1,on_island
77,5,on_island
77,30,on_island
77,7,on_island
77,7,on_island
77,7,on_island
77,1,on_island
77,7,on_island
77,7,on_island
77,7,on_island
77,99,on_island
77,2,on_island
77,99,on_island
77,1,on_island
77,99,on_island
77,14,on_island
77,14,on_island
77,14,on_island
77,14,on_island
77,14,on_island
77,1,on_island
77,15,on_island
77,1,on_island
77,1,on_island
77,1,on_island
77,7,on_island
77,15,on_island
77,14,on_island
77,2,on_island
78,1,on_island
78,1,on_island
78,1,on_island
78,1,on_island
94,38,off_island
94,4,off_island
94,40,off_island
94,45,off_island
94,99,off_island
94,20,on_island
94,99,on_island
94,99,on_island
94,45,on_island
94,60,on_island
94,60,on_island
94,60,on_island
94,60,on_island
94,1,on_island
95,1,on_island
95,30,on_island
95,30,on_island
95,60,on_island
98,4,on_island
98,1,on_island
98,1,on_island
99,30,off_island
99,14,off_island
99,4,off_island
99,47,off_island
99,47,off_island
99,30,off_island
99,60,off_island
99,7,off_island
99,60,off_island
99,30,off_island
99,7,off_island
99,14,off_island
99,31,off_island
99,31,off_island
99,7,off_island
99,7,off_island
99,14,on_island
99,30,on_island
99,12,on_island
99,30,on_island
99,7,on_island
99,7,on_island
99,4,on_island
99,4,on_island
99,4,on_island
99,4,on_island
99,4,on_island
99,4,on_island
99,4,on_island
99,4,on_island
99,4,on_island
99,4,on_island
99,7,on_island
99,2,on_island
100,3,on_island
100,3,on_island
100,31,on_island
100,1,on_island
101,44,off_island
101,12,off_island
101,12,off_island
101,14,off_island
101,14,off_island
101,21,off_island
101,21,off_island
101,21,off_island
101,4,off_island
101,5,off_island
101,30,off_island
101,2,off_island
101,3,off_island
101,60,off_island
101,60,off_island
101,60,off_island
101,60,off_island
101,60,off_island
101,60,off_island
101,60,off_island
101,60,off_island
101,30,off_island
101,30,off_island
101,30,off_island
101,30,off_island
101,30,off_island
101,30,off_island
101,30,off_island
101,30,off_island
101,14,off_island
101,7,off_island
101,7,off_island
101,7,off_island
101,3,off_island
101,21,off_island
101,30,off_island
101,30,off_island
101,30,off_island
101,60,off_island
101,20,off_island
101,30,off_island
101,10,off_island
101,30,off_island
101,30,off_island
101,7,off_island
101,5,off_island
101,5,off_island
101,14,off_island
101,14,off_island
101,7,off_island
101,5,off_island
101,5,off_island
101,7,off_island
101,1,on_island
101,1,on_island
101,4,on_island
101,1,on_island
101,1,on_island
101,1,on_island
101,30,on_island
101,4,on_island
101,4,on_island
101,4,on_island
102,3,off_island
102,1,off_island
102,1,off_island
102,60,off_island
102,1,off_island
102,45,off_island
102,4,off_island
102,5,off_island
102,60,off_island
102,1,off_island
102,1,off_island
102,30,off_island
102,60,off_island
102,60,off_island
102,30,off_island
102,30,off_island
102,30,off_island
102,8,off_island
102,2,off_island
102,30,off_island
102,30,off_island
102,21,off_island
102,21,off_island
102,7,off_island
102,45,off_island
102,45,off_island
102,45,off_island
102,45,off_island
102,45,off_island
102,30,off_island
102,30,off_island
102,30,off_island
102,30,off_island
102,30,off_island
102,30,off_island
102,30,off_island
102,30,off_island
102,30,off_island
102,14,off_island
102,30,off_island
102,30,off_island
102,14,off_island
102,60,off_island
102,45,off_island
102,2,off_island
102,11,off_island
102,14,off_island
102,21,off_island
102,1,off_island
102,21,off_island
102,21,off_island
102,21,off_island
102,2,off_island
102,1,off_island
102,30,off_island
102,6,off_island
102,2,off_island
102,28,off_island
102,7,off_island
102,7,off_island
102,21,off_island
102,45,off_island
102,45,off_island
102,45,off_island
102,1,off_island
102,2,off_island
102,1,off_island
102,60,off_island
102,60,off_island
102,1,off_island
102,1,off_island
102,1,off_island
102,3,off_island
102,3,off_island
102,3,off_island
102,3,off_island
102,3,off_island
102,3,off_island
102,30,off_island
102,7,off_island
102,3,off_island
102,1,off_island
102,2,off_island
102,1,off_island
102,30,off_island
102,30,off_island
102,2,off_island
102,18,off_island
102,3,on_island
102,7,on_island
102,8,on_island
102,15,on_island
102,24,on_island
102,1,on_island
102,7,on_island
102,1,on_island
102,1,on_island
102,2,on_island
102,7,on_island
102,7,on_island
102,7,on_island
102,2,on_island
102,1,on_island
102,1,on_island
102,1,on_island
102,2,on_island
102,1,on_island
102,6,on_island
102,1,on_island
102,1,on_island
102,6,on_island
102,1,on_island
102,3,on_island
102,14,on_island
102,50,on_island
102,46,on_island
102,30,on_island
102,30,on_island
102,30,on_island
102,30,on_island
102,1,on_island
102,14,on_island
102,30,on_island
102,30,on_island
102,1,on_island
102,7,on_island
102,2,on_island
102,30,on_island
102,14,on_island
102,12,on_island
102,3,on_island
102,3,on_island
102,2,on_island
102,1,on_island
102,7,on_island
102,7,on_island
102,7,on_island
102,7,on_island
102,1,on_island
102,2,on_island
102,15,on_island
102,30,on_island
102,4,on_island
102,30,on_island
102,30,on_island
102,30,on_island
102,14,on_island
102,14,on_island
102,14,on_island
102,7,on_island
102,1,on_island
102,1,on_island
102,3,on_island
102,3,on_island
102,1,on_island
102,1,on_island
102,1,on_island
102,30,on_island
102,30,on_island
102,1,on_island
102,4,on_island
102,7,on_island
102,1,on_island
102,1,on_island
102,3,on_island
102,3,on_island
102,3,on_island
102,1,on_island
102,7,on_island
102,1,on_island
102,5,on_island
102,62,on_island
102,1,on_island
102,1,on_island
102,3,on_island
102,3,on_island
103,4,off_island
103,29,off_island
103,29,off_island
103,29,off_island
103,1,off_island
103,1,off_island
103,30,off_island
103,30,off_island
103,30,off_island
103,30,off_island
103,14,off_island
103,20,off_island
103,20,off_island
103,30,off_island
103,7,off_island
103,30,off_island
103,59,off_island
103,7,off_island
103,30,off_island
103,30,off_island
103,30,off_island
103,30,off_island
103,30,off_island
103,90,off_island
103,90,off_island
103,90,off_island
103,90,off_island
103,37,off_island
103,21,off_island
103,2,off_island
103,90,off_island
103,30,off_island
103,30,off_island
103,2,off_island
103,40,off_island
103,30,off_island
103,7,off_island
103,7,off_island
103,6,off_island
103,30,off_island
103,30,off_island
103,30,off_island
103,30,off_island
103,14,off_island
103,10,off_island
103,10,off_island
103,10,off_island
103,10,off_island
103,10,off_island
103,10,off_island
103,30,off_island
103,30,off_island
103,2,off_island
103,30,off_island
103,35,off_island
103,35,off_island
103,35,off_island
103,35,off_island
103,7,off_island
103,14,off_island
103,14,off_island
103,7,off_island
103,7,off_island
103,7,off_island
103,30,off_island
103,30,off_island
103,30,off_island
103,30,off_island
103,30,off_island
103,30,off_island
103,30,off_island
103,30,off_island
103,5,off_island
103,1,off_island
103,14,off_island
103,21,off_island
103,14,off_island
103,14,off_island
103,21,off_island
103,1,off_island
103,140,off_island
103,140,off_island
103,140,off_island
103,30,off_island
103,30,off_island
103,7,off_island
103,7,off_island
103,3,off_island
103,21,off_island
103,7,off_island
103,2,off_island
103,21,off_island
103,1,off_island
103,1,off_island
103,1,off_island
103,29,off_island
103,3,off_island
103,2,off_island
103,14,off_island
103,5,off_island
103,1,off_island
103,14,off_island
103,10,off_island
103,14,off_island
103,7,off_island
103,7,off_island
103,14,off_island
103,14,off_island
103,14,off_island
103,8,off_island
103,14,off_island
103,21,off_island
103,2,off_island
103,2,off_island
103,1,on_island
103,2,on_island
103,7,on_island
103,4,on_island
103,1,on_island
103,4,on_island
103,4,on_island
103,1,on_island
103,15,on_island
103,4,on_island
103,4,on_island
103,60,on_island
103,2,on_island
103,4,on_island
103,30,on_island
103,58,on_island
103,2,on_island
103,5,on_island
103,2,on_island
103,4,on_island
103,4,on_island
103,30,on_island
103,30,on_island
103,60,on_island
103,2,on_island
103,60,on_island
103,27,on_island
103,27,on_island
103,27,on_island
103,27,on_island
103,1,on_island
103,60,on_island
103,30,on_island
103,2,on_island
103,7,on_island
103,1,on_island
103,2,on_island
103,12,on_island
103,7,on_island
103,18,on_island
103,5,on_island
103,14,on_island
103,1,on_island
103,4,on_island
103,8,on_island
103,1,on_island
103,1,on_island
103,1,on_island
103,4,on_island
103,2,on_island
103,1,on_island
103,45,on_island
103,1,on_island
103,1,on_island
103,2,on_island
103,14,on_island
103,14,on_island
103,14,on_island
103,14,on_island
103,2,on_island
103,1,on_island
103,2,on_island
103,1,on_island
103,1,on_island
103,30,on_island
103,30,on_island
103,2,on_island
103,2,on_island
103,7,on_island
103,7,on_island
103,7,on_island
103,45,on_island
103,7,on_island
103,1,on_island
103,45,on_island
103,2,on_island
103,45,on_island
103,1,on_island
103,2,on_island
103,1,on_island
104,20,off_island
104,30,off_island
104,30,off_island
104,7,off_island
104,7,off_island
104,140,off_island
104,15,off_island
104,150,off_island
104,150,off_island
104,7,off_island
104,7,off_island
104,15,off_island
104,1,off_island
104,1,off_island
104,2,off_island
104,2,off_island
104,13,off_island
104,7,off_island
104,1,off_island
104,1,off_island
104,1,off_island
104,1,off_island
104,7,off_island
104,4,off_island
104,4,off_island
104,5,off_island
104,5,off_island
104,44,off_island
104,45,off_island
104,60,off_island
104,30,off_island
104,37,off_island
104,60,off_island
104,60,off_island
104,60,off_island
104,30,off_island
104,30,off_island
104,29,off_island
104,1,off_island
104,7,off_island
104,7,off_island
104,7,off_island
104,7,off_island
104,1,off_island
104,5,off_island
104,5,off_island
104,4,off_island
104,4,off_island
104,1,off_island
104,3,off_island
104,1,on_island
104,3,on_island
104,3,on_island
104,3,on_island
104,7,on_island
104,3,on_island
104,6,on_island
104,21,on_island
104,21,on_island
104,21,on_island
104,21,on_island
104,1,on_island
104,1,on_island
104,1,on_island
104,2,on_island
104,2,on_island
104,30,on_island
104,7,on_island
104,7,on_island
104,2,on_island
104,2,on_island
104,5,on_island
104,1,on_island
104,7,on_island
104,60,on_island
104,60,on_island
104,60,on_island
104,60,on_island
104,60,on_island
104,3,on_island
105,4,off_island
105,7,off_island
105,30,off_island
105,90,off_island
105,30,off_island
105,99,off_island
105,99,off_island
105,99,off_island
105,135,off_island
105,45,off_island
105,45,off_island
105,45,off_island
105,45,off_island
105,2,off_island
105,45,off_island
105,2,off_island
105,2,off_island
105,30,off_island
105,21,off_island
105,14,off_island
105,2,on_island
105,2,on_island
105,2,on_island
105,2,on_island
105,2,on_island
105,1,on_island
105,1,on_island
105,3,on_island
105,1,on_island
105,1,on_island
105,5,on_island
106,31,off_island
106,31,off_island
106,31,off_island
106,90,off_island
106,2,off_island
106,0,off_island
106,21,off_island
106,0,off_island
106,0,off_island
106,0,off_island
106,1,off_island
106,1,off_island
106,0,off_island
106,1,off_island
106,4,off_island
106,45,off_island
106,365,off_island
106,45,off_island
106,14,off_island
106,15,off_island
106,4,off_island
106,2,off_island
106,3,off_island
106,6,off_island
106,0,off_island
106,0,on_island
106,3,on_island
106,1,on_island
106,1,on_island
106,3,on_island
106,20,on_island
106,2,on_island
106,10,on_island
106,2,on_island
106,14,on_island
106,14,on_island
106,14,on_island
106,4,on_island
106,0,on_island
106,5,on_island
106,2,on_island
106,2,on_island
106,12,on_island
106,16,on_island
106,16,on_island
106,16,on_island
106,16,on_island
106,1,on_island
106,20,on_island
106,0,on_island
106,8,on_island
106,20,on_island
106,4,on_island
106,20,on_island
106,20,on_island
106,14,on_island
106,14,on_island
106,0,on_island
106,1,on_island
106,13,on_island
106,9,on_island
106,2,on_island
106,2,on_island
107,3,off_island
107,2,off_island
107,1,off_island
107,1,on_island
107,0,on_island
107,0,on_island
107,0,on_island
107,1,on_island
107,0,on_island
107,0,on_island
107,1,on_island
109,3,on_island
109,1,on_island
109,3,on_island
109,3,on_island
109,2,on_island
109,23,on_island
109,23,on_island
109,2,on_island
109,2,on_island
124,5,on_island
125,4,off_island
125,13,off_island
125,13,off_island
125,1,off_island
125,60,off_island
125,2,off_island
125,60,off_island
125,14,off_island
125,60,off_island
125,60,off_island
125,14,off_island
125,14,off_island
125,15,off_island
125,7,off_island
125,30,off_island
125,4,off_island
125,14,off_island
125,7,off_island
125,14,off_island
125,4,off_island
125,14,off_island
125,99,off_island
125,14,off_island
125,3,off_island
125,7,off_island
125,0,off_island
125,1,on_island
125,1,on_island
125,1,on_island
125,1,on_island
125,2,on_island
125,1,on_island
125,1,on_island
125,1,on_island
125,1,on_island
125,1,on_island
125,1,on_island
125,1,on_island
125,10,on_island
125,4,on_island
125,2,on_island
125,2,on_island
125,2,on_island
125,5,on_island
125,5,on_island
125,25,on_island
125,1,on_island
125,1,on_island
126,15,off_island
126,9,off_island
126,30,off_island
126,30,off_island
126,15,off_island
126,15,off_island
126,30,off_island
126,30,off_island
126,21,off_island
126,30,off_island
126,30,off_island
126,30,off_island
126,40,off_island
126,1,off_island
126,1,off_island
126,1,off_island
126,4,off_island
126,60,off_island
126,15,off_island
126,15,off_island
126,14,off_island
126,14,off_island
126,1,off_island
126,4,off_island
126,8,on_island
126,1,on_island
126,30,on_island
126,1,on_island
126,2,on_island
126,3,on_island
126,21,on_island
126,21,on_island
126,3,on_island
126,7,on_island
126,7,on_island
126,7,on_island
126,1,on_island
126,2,on_island
126,1,on_island
126,1,on_island
126,1,on_island
126,1,on_island
126,1,on_island
126,1,on_island
126,1,on_island
126,1,on_island
126,2,on_island
126,23,on_island
126,23,on_island
126,1,on_island
126,20,on_island
126,23,on_island
126,1,on_island
126,1,on_island
126,28,on_island
127,14,on_island
128,11,on_island
128,10,on_island
129,4,off_island
129,2,off_island
129,7,off_island
129,11,off_island
129,1,off_island
129,10,off_island
129,1,on_island
129,1,on_island
129,1,on_island
129,14,on_island
129,14,on_island
129,14,on_island
129,7,on_island
129,30,on_island
129,30,on_island
129,30,on_island
129,4,on_island
130,30,off_island
130,7,off_island
130,1,off_island
130,99,off_island
130,3,off_island
130,14,off_island
130,30,off_island
130,30,off_island
130,1,off_island
130,1,off_island
130,14,off_island
130,21,off_island
130,30,off_island
130,30,off_island
130,3,off_island
130,45,off_island
130,5,off_island
130,30,off_island
130,1,off_island
130,14,off_island
130,3,off_island
130,1,off_island
130,45,off_island
130,14,off_island
130,30,on_island
130,30,on_island
130,3,on_island
130,30,on_island
130,7,on_island
130,30,on_island
130,30,on_island
130,30,on_island
130,1,on_island
130,2,on_island
130,30,on_island
130,1,on_island
130,1,on_island
130,7,on_island
130,7,on_island
130,7,on_island
130,7,on_island
130,3,on_island
130,20,on_island
130,1,on_island
130,20,on_island
130,21,on_island
130,21,on_island
130,7,on_island
130,21,on_island
130,7,on_island
130,7,on_island
130,1,on_island
130,7,on_island
130,2,on_island
130,2,on_island
130,2,on_island
130,2,on_island
130,30,on_island
130,1,on_island
130,1,on_island
130,1,on_island
130,3,on_island
130,3,on_island
130,1,on_island
131,8,off_island
131,8,off_island
131,7,off_island
131,4,off_island
131,7,off_island
131,14,off_island
131,14,off_island
131,14,off_island
131,30,off_island
131,38,off_island
131,30,off_island
131,30,off_island
131,21,off_island
131,21,off_island
131,21,off_island
131,21,off_island
131,21,off_island
131,28,off_island
131,1,off_island
131,30,off_island
131,1,off_island
131,21,off_island
131,4,off_island
131,3,off_island
131,7,off_island
131,3,off_island
131,4,off_island
131,2,off_island
131,1,off_island
131,1,on_island
131,1,on_island
131,1,on_island
131,30,on_island
131,30,on_island
131,30,on_island
131,2,on_island
131,0,on_island
131,1,on_island
131,5,on_island
131,3,on_island
131,4,on_island
131,1,on_island
131,5,on_island
131,2,on_island
131,2,on_island
131,28,on_island
131,1,on_island
131,1,on_island
131,2,on_island
131,2,on_island
131,2,on_island
131,60,on_island
132,46,off_island
132,46,off_island
132,46,off_island
132,46,off_island
132,60,off_island
132,30,off_island
132,30,off_island
132,30,off_island
132,30,off_island
132,60,off_island
132,60,off_island
132,4,off_island
132,30,off_island
132,14,off_island
132,5,off_island
132,8,off_island
132,140,off_island
132,90,off_island
132,4,off_island
132,3,off_island
132,18,off_island
132,18,off_island
132,14,off_island
132,14,off_island
132,15,off_island
132,60,off_island
132,29,off_island
132,2,off_island
132,7,off_island
132,8,off_island
132,2,off_island
132,2,off_island
132,8,off_island
132,2,off_island
132,1,off_island
132,2,off_island
132,8,off_island
132,8,off_island
132,2,off_island
132,8,off_island
132,2,on_island
132,2,on_island
132,2,on_island
132,1,on_island
132,2,on_island
132,2,on_island
132,3,on_island
132,1,on_island
132,1,on_island
132,3,on_island
132,99,on_island
132,1,on_island
132,1,on_island
132,60,on_island
132,2,on_island
132,2,on_island
132,2,on_island
132,2,on_island
132,1,on_island
132,14,on_island
132,1,on_island
132,12,on_island
132,1,on_island
132,5,on_island
132,2,on_island
132,5,on_island
132,5,on_island
132,5,on_island
132,1,on_island
132,2,on_island
133,60,off_island
133,60,off_island
133,60,off_island
133,40,off_island
133,4,off_island
133,5,off_island
133,40,off_island
133,39,off_island
133,30,off_island
133,30,off_island
133,2,off_island
133,2,off_island
133,2,off_island
133,14,off_island
133,14,off_island
133,14,off_island
133,99,off_island
133,7,off_island
133,7,off_island
133,2,off_island
133,7,off_island
133,3,off_island
133,2,off_island
133,3,off_island
133,3,off_island
133,3,off_island
133,60,off_island
133,60,off_island
133,7,off_island
133,1,off_island
133,2,off_island
133,2,off_island
133,2,off_island
133,3,off_island
133,20,off_island
133,2,off_island
133,1,off_island
133,30,off_island
133,4,off_island
133,20,off_island
133,9,off_island
133,4,off_island
133,2,off_island
133,6,on_island
133,3,on_island
133,8,on_island
133,2,on_island
133,1,on_island
133,1,on_island
133,3,on_island
133,2,on_island
133,1,on_island
133,2,on_island
133,1,on_island
133,1,on_island
133,5,on_island
133,1,on_island
134,60,off_island
134,7,off_island
134,7,off_island
134,30,off_island
134,1,on_island
134,1,on_island
134,2,on_island
136,14,off_island
136,14,off_island
136,7,off_island
136,3,off_island
136,5,on_island
136,3,on_island
138,3,on_island
138,2,on_island
138,1,on_island
138,2,on_island
138,1,on_island
138,1,on_island
138,1,on_island
138,1,on_island
138,1,on_island
138,1,on_island
138,1,on_island
138,2,on_island
138,2,on_island
138,2,on_island
138,120,on_island
138,3,on_island
138,30,on_island
138,5,on_island
139,14,off_island
139,7,off_island
139,30,off_island
139,1,on_island
139,4,on_island
139,1,on_island
139,1,on_island
139,1,on_island
139,1,on_island
139,2,on_island
139,4,on_island
139,4,on_island
139,1,on_island
139,4,on_island
139,4,on_island
139,4,on_island
139,2,on_island
139,4,on_island
139,7,on_island
139,30,on_island
139,1,on_island
139,1,on_island
139,1,on_island
139,2,on_island
139,2,on_island
139,2,on_island
139,30,on_island
139,1,on_island
139,1,on_island
139,1,on_island
139,2,on_island
139,2,on_island
139,14,on_island
139,8,on_island
139,16,on_island
139,14,on_island
139,14,on_island
139,14,on_island
139,0,on_island
139,14,on_island
139,3,on_island
148,7,off_island
148,7,off_island
148,7,off_island
148,7,off_island
148,7,off_island
148,7,off_island
148,7,off_island
148,1,on_island
148,1,on_island
148,14,on_island
148,1,on_island
148,1,on_island
148,1,on_island
148,1,on_island
148,1,on_island
148,1,on_island
148,1,on_island
148,1,on_island
148,1,on_island
148,1,on_island
148,14,on_island
148,1,on_island
148,1,on_island
148,14,on_island
148,14,on_island
148,1,on_island
148,2,on_island
148,2,on_island
148,1,on_island
153,30,off_island
153,3,off_island
153,8,off_island
153,4,off_island
153,2,off_island
153,3,off_island
153,1,off_island
153,2,off_island
153,3,on_island
153,3,on_island
153,2,on_island
153,5,on_island
153,99,on_island
153,30,on_island
153,2,on_island
153,14,on_island
153,3,on_island
153,1,on_island
153,30,on_island
153,1,on_island
153,14,on_island
153,1,on_island
153,1,on_island
153,1,on_island
153,14,on_island
153,1,on_island
153,1,on_island
153,1,on_island
153,2,on_island
153,6,on_island
153,99,on_island
153,2,on_island
153,2,on_island
153,1,on_island
153,4,on_island
153,3,on_island
153,1,on_island
155,30,off_island
155,30,off_island
157,4,off_island
157,7,off_island
157,7,off_island
157,10,off_island
157,7,off_island
157,7,off_island
157,30,off_island
157,30,off_island
157,7,off_island
157,24,off_island
157,24,off_island
157,24,off_island
157,24,off_island
157,30,off_island
157,20,off_island
157,30,off_island
157,30,off_island
157,7,off_island
157,13,on_island
157,2,on_island
157,4,on_island
157,45,on_island
157,3,on_island
157,9,on_island
157,7,on_island
157,9,on_island
157,3,on_island
157,30,on_island
157,30,on_island
157,30,on_island
159,30,off_island
159,30,off_island
159,30,off_island
159,30,off_island
159,34,on_island
159,34,on_island
159,1,on_island
159,2,on_island
159,34,on_island
159,0,on_island
159,3,on_island
159,3,on_island
159,3,on_island
159,3,on_island
159,3,on_island
159,3,on_island
159,1,on_island
159,12,on_island
159,5,on_island
160,10,off_island
160,30,off_island
160,30,off_island
160,30,off_island
160,30,off_island
160,5,off_island
160,3,off_island
160,4,off_island
160,2,on_island
160,24,on_island
160,37,on_island
160,3,on_island
160,30,on_island
160,30,on_island
160,30,on_island
160,20,on_island
160,60,on_island
160,60,on_island
160,2,on_island
160,7,on_island
160,21,on_island
160,21,on_island
160,21,on_island
160,21,on_island
160,21,on_island
160,21,on_island
160,21,on_island
160,21,on_island
160,21,on_island
160,1,on_island
160,1,on_island
161,29,off_island
161,7,off_island
161,2,on_island
161,1,on_island
161,1,on_island
161,7,on_island
161,7,on_island
161,14,on_island
161,3,on_island
161,2,on_island
162,7,off_island
162,14,off_island
162,14,off_island
162,60,off_island
162,0,off_island
162,7,off_island
162,12,off_island
162,6,off_island
162,4,off_island
162,50,off_island
162,9,off_island
162,6,off_island
162,12,off_island
162,2,off_island
162,2,off_island
162,2,on_island
162,2,on_island
162,1,on_island
162,1,on_island
162,1,on_island
162,3,on_island
162,4,on_island
162,30,on_island
162,30,on_island
162,1,on_island
162,5,on_island
162,8,on_island
162,30,on_island
162,30,on_island
162,1,on_island
163,9,off_island
163,9,off_island
163,4,off_island
163,9,off_island
163,9,off_island
163,9,off_island
163,3,off_island
163,60,off_island
163,30,off_island
163,60,off_island
163,60,off_island
163,7,off_island
163,7,off_island
163,7,off_island
163,14,off_island
163,1,off_island
163,14,off_island
163,30,off_island
163,30,off_island
163,30,off_island
163,30,off_island
163,,off_island
163,,off_island
163,30,off_island
163,30,off_island
163,,off_island
163,30,off_island
163,,off_island
163,30,off_island
163,30,off_island
163,30,off_island
163,30,off_island
163,30,off_island
163,30,off_island
163,30,off_island
163,3,off_island
163,7,off_island
163,7,off_island
163,7,off_island
163,7,off_island
163,7,off_island
163,7,off_island
163,7,on_island
163,14,on_island
163,7,on_island
163,30,on_island
163,21,on_island
163,3,on_island
163,1,on_island
163,1,on_island
163,1,on_island
163,1,on_island
163,2,on_island
163,3,on_island
163,3,on_island
163,3,on_island
163,3,on_island
163,3,on_island
163,3,on_island
163,1,on_island
163,9,on_island
163,7,on_island
164,2,off_island
164,14,off_island
164,14,off_island
164,14,off_island
164,2,off_island
164,2,off_island
164,2,off_island
164,12,on_island
165,30,off_island
165,30,off_island
165,10,off_island
165,14,off_island
165,60,off_island
165,30,off_island
165,30,off_island
165,2,off_island
165,1,off_island
165,30,off_island
165,4,off_island
165,3,off_island
165,3,off_island
165,2,off_island
165,16,off_island
165,3,off_island
165,7,off_island
165,7,off_island
165,20,off_island
165,20,off_island
165,3,off_island
165,1,off_island
165,1,off_island
165,2,off_island
165,2,off_island
165,4,off_island
165,5,off_island
165,9,off_island
165,4,off_island
165,7,off_island
165,3,off_island
165,7,off_island
165,30,off_island
165,12,off_island
165,1,off_island
165,2,off_island
165,2,off_island
165,9,off_island
165,5,off_island
165,3,off_island
165,3,off_island
165,20,off_island
165,4,off_island
165,17,off_island
165,20,off_island
165,2,off_island
165,12,off_island
165,0,off_island
165,3,off_island
165,7,off_island
165,20,off_island
165,9,off_island
165,2,off_island
165,1,on_island
165,1,on_island
165,1,on_island
165,1,on_island
165,20,on_island
165,3,on_island
165,1,on_island
165,30,on_island
165,21,on_island
165,15,on_island
165,10,on_island
165,10,on_island
165,10,on_island
165,10,on_island
170,14,on_island
170,1,on_island
170,2,on_island
170,2,on_island
170,1,on_island
170,7,on_island
170,2,on_island
170,7,on_island
170,7,on_island
170,2,on_island
170,1,on_island
170,2,on_island
170,2,on_island
170,2,on_island
170,12,on_island
170,3,on_island
189,7,off_island
189,1,on_island
189,3,on_island
189,7,on_island
189,7,on_island
189,7,on_island
189,7,on_island
189,7,on_island
189,7,on_island
189,1,on_island
193,7,off_island
193,35,off_island
193,4,off_island
193,31,off_island
193,14,off_island
193,30,off_island
193,1,off_island
193,1,off_island
193,7,off_island
193,21,off_island
193,21,off_island
193,21,off_island
193,21,off_island
193,5,off_island
193,3,off_island
193,21,off_island
193,1,off_island
193,1,off_island
193,1,on_island
193,8,on_island
193,8,on_island
193,8,on_island
193,8,on_island
195,7,off_island
195,7,off_island
195,1,on_island
195,2,on_island
196,21,off_island
196,21,off_island
196,45,off_island
196,31,off_island
196,1,off_island
196,30,off_island
196,30,off_island
196,7,off_island
196,14,off_island
196,2,off_island
196,1,on_island
196,7,on_island
197,30,off_island
197,13,off_island
197,7,off_island
197,7,off_island
197,18,off_island
197,2,on_island
207,2,on_island
207,1,on_island
218,1,on_island
218,2,on_island
233,2,on_island
244,1,on_island
245,0,off_island
245,7,off_island
245,7,off_island
245,0,off_island
245,3,off_island
245,7,off_island
245,0,off_island
245,3,off_island
245,3,off_island
245,0,off_island
245,0,off_island
245,0,off_island
245,1,on_island
245,1,on_island
245,31,on_island
245,4,on_island
245,2,on_island
245,1,on_island
245,4,on_island
245,1,on_island
245,1,on_island
245,1,on_island
245,1,on_island
245,14,on_island
245,14,on_island
245,14,on_island
245,14,on_island
245,7,on_island
245,14,on_island
245,2,on_island
245,1,on_island
245,2,on_island
245,1,on_island
245,1,on_island
245,2,on_island
245,2,on_island
245,0,on_island
245,30,on_island
245,21,on_island
245,2,on_island
245,1,on_island
245,2,on_island
245,45,on_island
245,30,on_island
245,30,on_island
245,30,on_island
245,30,on_island
245,5,on_island
245,5,on_island
245,5,on_island
245,3,on_island
245,3,on_island
245,14,on_island
245,2,on_island
245,14,on_island
245,3,on_island
245,30,on_island
245,14,on_island
245,5,on_island
245,7,on_island
246,1,on_island
246,,on_island
253,7,off_island
253,8,off_island
253,7,off_island
253,2,on_island
253,14,on_island
253,2,on_island
280,30,on_island
280,30,on_island
280,30,on_island
280,30,on_island
280,30,on_island
287,7,on_island
287,7,on_island
287,1,on_island
287,7,on_island
287,1,on_island
288,3,on_island
288,3,on_island
288,1,on_island
288,1,on_island
288,1,on_island
288,2,on_island
289,24,on_island
289,7,on_island
317,2,on_island
317,2,on_island
323,30,on_island
323,14,on_island
323,14,on_island
323,10,on_island
323,1,on_island
323,2,on_island
323,2,on_island
323,1,on_island
323,5,on_island
324,7,on_island
324,23,on_island
324,1,on_island
324,7,on_island
325,2,on_island
325,2,on_island
325,1,on_island
397,2,on_island
397,2,on_island
397,7,on_island
433,1,on_island
434,1,on_island
434,1,on_island
434,3,on_island
434,3,on_island
434,1,on_island
435,1,on_island
435,2,on_island
435,2,on_island
435,1,on_island
435,4,on_island
465,7,on_island
470,6,on_island
471,2,on_island
471,30,on_island
471,14,on_island
471,6,on_island
471,3,on_island
471,30,on_island
471,30,on_island
471,3,on_island
471,1,on_island
471,2,on_island
471,2,on_island
471,1,on_island
471,2,on_island
471,2,on_island
471,2,on_island
471,2,on_island
471,30,on_island
471,1,on_island
471,1,on_island
471,2,on_island
471,1,on_island
471,3,on_island
471,28,on_island
471,3,on_island
471,1,on_island
471,3,on_island
471,0,on_island
501,7,on_island
501,7,on_island
501,30,on_island
537,5,on_island
537,5,on_island
537,7,on_island
537,1,on_island
537,4,on_island
537,5,on_island
537,3,on_island
537,3,on_island
537,7,on_island
537,2,on_island
537,1,on_island
537,2,on_island
537,1,on_island
537,7,on_island
573,1,off_island
573,1,on_island
573,1,on_island
573,1,on_island
573,2,on_island
573,3,on_island
573,3,on_island
573,1,on_island
573,1,on_island
573,1,on_island
573,28,on_island
642,15,on_island
642,2,on_island
642,30,on_island
642,7,on_island
642,21,on_island
642,2,on_island
642,2,on_island
642,2,on_island
642,2,on_island
642,2,on_island
642,30,on_island
642,30,on_island
642,30,on_island
642,30,on_island
642,30,on_island
642,2,on_island
644,1,on_island
644,7,on_island
645,30,off_island
645,30,off_island
645,30,off_island
645,30,off_island
645,3,on_island
645,3,on_island
645,32,on_island
645,1,on_island
645,2,on_island
645,30,on_island
645,30,on_island
645,30,on_island
645,3,on_island
645,2,on_island
645,1,on_island
645,1,on_island
645,28,on_island
706,1,on_island
706,4,on_island
706,2,on_island
707,21,on_island
707,2,on_island
739,1,on_island
739,2,on_island
772,30,on_island
772,30,on_island
772,4,on_island
772,30,on_island
772,30,on_island
772,30,on_island
772,30,on_island
772,30,on_island
772,3,on_island
772,3,on_island
772,3,on_island
772,1,on_island
772,3,on_island
772,3,on_island
805,7,on_island
872,1,on_island
872,1,on_island
872,1,on_island
872,2,on_island
872,45,on_island
872,45,on_island
872,1,on_island
872,45,on_island
872,45,on_island
900,2,on_island
900,2,on_island
900,12,on_island
900,30,on_island
900,1,on_island
900,5,on_island
900,4,on_island
900,0,on_island
900,4,on_island
900,4,on_island
900,1,on_island
900,1,on_island
900,12,on_island
900,7,on_island
902,2,on_island
902,2,on_island
902,3,on_island
902,3,on_island
902,2,on_island
902,7,on_island
907,30,on_island
907,30,on_island
907,4,on_island
932,7,off_island
932,7,on_island
932,9,on_island
932,4,on_island
932,8,on_island
932,8,on_island
932,7,on_island
932,7,on_island
932,14,on_island
932,7,on_island
932,3,on_island
932,7,on_island
932,3,on_island
932,7,on_island
932,7,on_island
932,7,on_island
932,7,on_island
932,14,on_island
932,4,on_island
932,1,on_island
932,5,on_island
932,30,on_island
932,1,on_island
932,7,on_island
932,3,on_island
932,1,on_island
932,14,on_island
932,4,on_island
932,2,on_island
932,3,on_island
1022,14,on_island
1022,4,on_island
1022,1,on_island
1022,2,on_island
1022,1,on_island
1022,14,on_island
1022,14,on_island
1022,14,on_island
1022,7,on_island
1022,1,on_island
1022,7,on_island
1032,14,off_island
1032,14,off_island
1032,1,off_island
1032,2,off_island
1032,7,on_island
1032,30,on_island
1032,30,on_island
1032,30,on_island
1062,2,on_island
1062,1,on_island
1062,1,on_island
1062,1,on_island
1062,1,on_island
1062,1,on_island
1062,3,on_island
1062,4,on_island
1062,3,on_island
1062,1,on_island
1062,24,on_island
1064,21,on_island
1064,7,on_island
1066,2,off_island
1066,5,off_island
1066,21,on_island
1066,5,on_island
1066,1,on_island
1066,4,on_island
1066,3,on_island
1066,2,on_island
1095,14,off_island
1095,9,off_island
1095,7,off_island
1095,5,off_island
1095,1,on_island
1095,1,on_island
1104,3,off_island
1104,7,off_island
1104,1,on_island
1104,4,on_island
1104,1,on_island
1104,4,on_island
1104,1,on_island
1107,2,on_island
1107,2,on_island
1107,30,on_island
1107,20,on_island
1107,28,on_island
1115,3,on_island
1115,21,on_island
1115,21,on_island
1115,21,on_island
1115,1,on_island
1115,1,on_island
1115,1,on_island
1115,1,on_island
1115,30,on_island
1115,1,on_island
1145,7,off_island
1145,5,off_island
1145,1,off_island
1145,1,off_island
1145,1,off_island
1145,7,off_island
1145,45,on_island
1145,45,on_island
1145,45,on_island
1145,4,on_island
1145,2,on_island
1145,2,on_island
1145,3,on_island
1145,2,on_island
1145,3,on_island
1145,3,on_island
1145,20,on_island
1145,7,on_island
1145,8,on_island
1145,2,on_island
1145,14,on_island
1145,7,on_island
1145,7,on_island
1145,30,on_island
1145,30,on_island
1145,1,on_island
1145,14,on_island
1145,14,on_island
1145,2,on_island
1145,2,on_island
1145,2,on_island
1145,17,on_island
1146,30,off_island
1146,1,on_island
1146,3,on_island
1146,1,on_island
1146,1,on_island
1146,1,on_island
1146,2,on_island
1146,1,on_island
1146,30,on_island
1146,7,on_island
1146,1,on_island
1146,30,on_island
1146,3,on_island
1146,3,on_island
1146,4,on_island
1146,3,on_island
1146,4,on_island
1146,4,on_island
1146,4,on_island
1147,3,on_island
1147,3,on_island
1147,3,on_island
1147,3,on_island
1147,3,on_island
1147,3,on_island
1147,3,on_island
1147,3,on_island
1147,3,on_island
1147,3,on_island
1147,3,on_island
1147,7,on_island
1147,4,on_island
1147,4,on_island
1151,2,on_island
1151,2,on_island
1153,3,off_island
1153,1,on_island
1153,1,on_island
1153,1,on_island
1153,1,on_island
1153,1,on_island
1153,3,on_island
1153,2,on_island
1153,1,on_island
1153,5,on_island
1153,30,on_island
1171,1,on_island
1172,1,on_island
1172,2,on_island
1177,4,on_island
1183,12,off_island
1183,7,off_island
1183,9,off_island
1183,7,on_island
1183,30,on_island
1183,30,on_island
1183,3,on_island
1183,30,on_island
1183,30,on_island
1183,2,on_island
1183,30,on_island
1183,30,on_island
1183,30,on_island
1183,7,on_island
1183,30,on_island
1183,38,on_island
1183,3,on_island
1183,1,on_island
1183,1,on_island
1183,1,on_island
1183,1,on_island
1183,1,on_island
1183,1,on_island
1183,1,on_island
1183,1,on_island
1183,30,on_island
1183,3,on_island
1183,3,on_island
1183,1,on_island
1183,3,on_island
1183,3,on_island
1183,3,on_island
1183,40,on_island
1183,3,on_island
1183,3,on_island
1183,45,on_island
1183,40,on_island
1183,40,on_island
1183,45,on_island
1183,1,on_island
1183,2,on_island
1183,38,on_island
1183,30,on_island
1183,7,on_island
1183,3,on_island
1183,3,on_island
1183,3,on_island
1183,1,on_island
1183,3,on_island
1183,1,on_island
1183,5,on_island
1183,7,on_island
1183,1,on_island
1183,1,on_island
1183,1,on_island
1183,1,on_island
1183,30,on_island
1183,1,on_island
1183,30,on_island
1183,30,on_island
1183,7,on_island
1183,1,on_island
1183,1,on_island
1183,1,on_island
1183,2,on_island
1183,2,on_island
1183,2,on_island
1183,1,on_island
1183,3,on_island
1183,3,on_island
1183,2,on_island
1183,4,on_island
1183,7,on_island
1183,31,on_island
1183,31,on_island
1183,31,on_island
1183,31,on_island
1183,31,on_island
1183,60,on_island
1183,60,on_island
1183,3,on_island
1183,3,on_island
1183,3,on_island
1183,30,on_island
1183,1,on_island
1183,6,on_island
1183,7,on_island
1183,60,on_island
1183,1,on_island
1183,270,on_island
1183,3,on_island
1183,12,on_island
1183,21,on_island
1183,2,on_island
1183,2,on_island
1183,14,on_island
1183,60,on_island
1183,21,on_island
1183,1,on_island
1183,3,on_island
1183,30,on_island
1183,1,on_island
1183,3,on_island
1183,15,on_island
1183,15,on_island
1183,2,on_island
1183,54,on_island
1183,30,on_island
1183,55,on_island
1183,2,on_island
1183,3,on_island
1183,30,on_island
1183,2,on_island
1183,14,on_island
1189,60,on_island
1189,14,on_island
1189,40,on_island
1189,30,on_island
1189,14,on_island
1189,14,on_island
1189,5,on_island
1189,14,on_island
1189,14,on_island
1189,10,on_island
1189,3,on_island
1189,7,on_island
1189,7,on_island
1189,7,on_island
1189,3,on_island
1189,3,on_island
1189,14,on_island
1189,1,on_island
1189,1,on_island
1189,60,on_island
1189,14,on_island
1189,4,on_island
1221,1,on_island
1221,1,on_island
1221,2,on_island
1221,3,on_island
1221,15,on_island
1221,4,on_island
1221,4,on_island
1221,4,on_island
1221,4,on_island
1221,2,on_island
1238,1,on_island
1238,7,on_island
1238,30,on_island
1238,30,on_island
1238,30,on_island
1238,1,on_island
1238,2,on_island
1238,14,on_island
1238,2,on_island
1238,8,on_island
1238,7,on_island
1238,7,on_island
1238,1,on_island
1238,3,on_island
1238,3,on_island
1238,3,on_island
1238,30,on_island
1238,30,on_island
1238,30,on_island
1238,30,on_island
1239,30,on_island
1239,2,on_island
1239,7,on_island
1239,7,on_island
1239,2,on_island
1239,2,on_island
1239,2,on_island
1249,20,on_island
1251,4,on_island
1251,1,on_island
1251,3,on_island
1291,5,on_island
1291,1,on_island
1291,3,on_island
1291,7,on_island
1291,2,on_island
1291,3,on_island
1291,3,on_island
1292,21,on_island
1298,3,on_island
1298,3,on_island
1298,7,on_island
1298,1,on_island
1298,1,on_island
1298,3,on_island
1298,2,on_island
1298,7,on_island
1298,2,on_island
1301,1,on_island
1301,2,on_island
1301,1,on_island
1301,7,on_island
1326,3,on_island
1326,3,on_island
1326,3,on_island
1326,3,on_island
1326,2,on_island
1335,3,on_island
1335,1,on_island
1335,1,on_island
1335,1,on_island
1339,7,off_island
1339,1,on_island
1339,2,on_island
1339,30,on_island
1339,2,on_island
1339,1,on_island
1339,1,on_island
1339,2,on_island
1339,2,on_island
1339,2,on_island
1339,4,on_island
1339,4,on_island
1339,4,on_island
1339,4,on_island
1340,14,off_island
1340,4,on_island
1340,2,on_island
1340,3,on_island
1340,3,on_island
1359,1,on_island
1359,2,on_island
1359,1,on_island
1359,2,on_island
1359,2,on_island
1359,1,on_island
1361,2,on_island
1361,2,on_island
1362,1,on_island
1362,1,on_island
1362,5,on_island
1362,2,on_island
1362,4,on_island
1362,1,on_island
1378,1,on_island
1378,3,on_island
1378,1,on_island
1378,1,on_island
1378,2,on_island
1378,5,on_island
1378,3,on_island
1378,2,on_island
1378,21,on_island
1378,7,on_island
1378,7,on_island
1381,30,off_island
1381,4,on_island
1420,7,off_island
1420,4,on_island
1422,2,on_island
1423,1,on_island
1423,1,on_island
1423,2,on_island
1423,1,on_island
1423,8,on_island
1423,3,on_island
1423,1,on_island
1423,1,on_island
1423,2,on_island
1423,3,on_island
1424,7,off_island
1468,1,on_island
1508,7,off_island
1508,20,off_island
1508,20,off_island
1508,20,off_island
1508,14,off_island
1508,20,off_island
1508,20,off_island
1508,30,off_island
1508,30,off_island
1508,1,on_island
1508,2,on_island
1508,1,on_island
1509,14,off_island
1509,24,off_island
1509,14,off_island
1509,1,on_island
1509,2,on_island
1509,2,on_island
1509,1,on_island
1509,1,on_island
1509,2,on_island
1509,1,on_island
1509,8,on_island
1509,8,on_island
1509,1,on_island
1628,30,on_island
1656,14,off_island
1656,30,off_island
1656,30,off_island
1656,45,on_island
1656,14,on_island
1656,7,on_island
1656,15,on_island
1656,7,on_island
1656,2,on_island
1656,1,on_island
1656,15,on_island
1656,7,on_island
1656,4,on_island
1656,2,on_island
1656,15,on_island
1656,15,on_island
1656,3,on_island
1656,4,on_island
1656,3,on_island
1656,14,on_island
1656,1,on_island
1656,30,on_island
1656,7,on_island
1656,7,on_island
1656,7,on_island
1656,7,on_island
1656,7,on_island
1656,2,on_island
1656,7,on_island
1656,2,on_island
1656,1,on_island
1656,2,on_island
1656,7,on_island
1656,30,on_island
1656,7,on_island
1656,3,on_island
1656,3,on_island
1656,1,on_island
1656,30,on_island
1656,30,on_island
1656,1,on_island
1656,1,on_island
1656,1,on_island
1656,1,on_island
1656,7,on_island
1656,7,on_island
1656,1,on_island
1656,1,on_island
1656,1,on_island
1657,14,on_island
1657,30,on_island
1657,14,on_island
1657,14,on_island
1657,4,on_island
1657,2,on_island
1657,2,on_island
1657,14,on_island
1657,2,on_island
1657,2,on_island
1657,1,on_island
1657,1,on_island
1657,2,on_island
1657,3,on_island
1657,2,on_island
1657,2,on_island
1657,2,on_island
1657,2,on_island
1657,2,on_island
1657,14,on_island
1657,1,on_island
1657,2,on_island
1657,1,on_island
1657,30,on_island
1657,30,on_island
1657,30,on_island
1657,2,on_island
1657,2,on_island
1657,1,on_island
1657,2,on_island
1657,2,on_island
1657,2,on_island
1657,2,on_island
1657,2,on_island
1657,30,on_island
1657,1,on_island
1697,15,on_island
1697,15,on_island
1697,21,on_island
1697,21,on_island
1697,29,on_island
1697,29,on_island
1697,1,on_island
1697,3,on_island
1784,1,on_island
1784,14,on_island
